Position,Residue,ConservationScore,ConservedResidue,PropertyScore,PropertyType
116,V,96.98918444899152,V,99.85384390529084,hydrophobic
118,I,87.18155001340841,I,93.48350764279968,hydrophobic
119,E,99.21875,V,99.73958333333334,hydrophobic
120,S,98.71134020618557,L,99.48453608247422,hydrophobic
121,G,99.74226804123711,I,99.74226804123711,hydrophobic
124,Q,96.94715238583889,G,97.07542329399692,special
126,F,92.34706936268236,F,99.84642948553878,hydrophobic
128,A,95.98362752622154,G,96.00920951650038,special
131,Q,99.00204708290686,A,99.15557830092119,hydrophobic
132,E,96.31901840490798,I,99.79550102249489,hydrophobic
135,G,95.63218390804597,E,95.68326947637293,negative
136,E,93.3129147524247,P,93.33843797856048,special
137,K,96.40122511485451,D,96.78407350689126,negative
138,R,99.48966573105385,G,99.48966573105385,special
139,S,91.01811686654759,E,96.42766011737687,negative
141,L,99.74470257850395,R,99.84682154710237,positive
142,L,88.4487605417838,S,88.47431638129312,polar
143,V,100.0,S,100.0,polar
145,L,94.80552712384852,L,99.92323439099283,hydrophobic
146,L,100.0,C,100.0,special
147,N,98.25908858166923,L,99.89759344598055,hydrophobic
148,R,84.31573552024602,L,99.92311635058944,hydrophobic
149,Q,86.37762955361724,N,94.25346331452027,polar
150,T,82.35747303543913,L,99.82023626091423,hydrophobic
152,G,95.67121875805205,N,97.21721205874775,polar
158,S,100.0,I,100.0,hydrophobic
159,F,88.84524744697565,S,89.84027232259754,polar
