Identity,Alignment_Length,Conserved_Positions,Conservation_Percentage
57,232,93,40.08620689655172
62,242,103,42.561983471074385
67,200,132,66.0
72,277,195,70.3971119133574
77,181,132,72.92817679558011
82,258,163,63.17829457364341
87,163,146,89.57055214723927
92,165,154,93.33333333333333
97,244,229,93.85245901639344
